intersection_id,tollgate_id,time_window,avg_travel_time
A,2,"[2016-10-18 08:00:00,2016-10-18 08:20:00)",60.89
A,2,"[2016-10-18 08:20:00,2016-10-18 08:40:00)",61.56
A,2,"[2016-10-18 08:40:00,2016-10-18 09:00:00)",62.23
A,2,"[2016-10-18 09:00:00,2016-10-18 09:20:00)",61.44
A,2,"[2016-10-18 09:20:00,2016-10-18 09:40:00)",62.11
A,2,"[2016-10-18 09:40:00,2016-10-18 10:00:00)",62.78
A,3,"[2016-10-18 08:00:00,2016-10-18 08:20:00)",113.21
A,3,"[2016-10-18 08:20:00,2016-10-18 08:40:00)",113.88
A,3,"[2016-10-18 08:40:00,2016-10-18 09:00:00)",114.54
A,3,"[2016-10-18 09:00:00,2016-10-18 09:20:00)",113.76
A,3,"[2016-10-18 09:20:00,2016-10-18 09:40:00)",114.43
A,3,"[2016-10-18 09:40:00,2016-10-18 10:00:00)",115.09
B,1,"[2016-10-18 08:00:00,2016-10-18 08:20:00)",114.32
B,1,"[2016-10-18 08:20:00,2016-10-18 08:40:00)",114.98
B,1,"[2016-10-18 08:40:00,2016-10-18 09:00:00)",115.65
B,1,"[2016-10-18 09:00:00,2016-10-18 09:20:00)",114.87
B,1,"[2016-10-18 09:20:00,2016-10-18 09:40:00)",115.53
B,1,"[2016-10-18 09:40:00,2016-10-18 10:00:00)",116.2
B,3,"[2016-10-18 08:00:00,2016-10-18 08:20:00)",107.79
B,3,"[2016-10-18 08:20:00,2016-10-18 08:40:00)",108.46
B,3,"[2016-10-18 08:40:00,2016-10-18 09:00:00)",109.13
B,3,"[2016-10-18 09:00:00,2016-10-18 09:20:00)",108.34
B,3,"[2016-10-18 09:20:00,2016-10-18 09:40:00)",109.01
B,3,"[2016-10-18 09:40:00,2016-10-18 10:00:00)",109.68
C,1,"[2016-10-18 08:00:00,2016-10-18 08:20:00)",181.05
C,1,"[2016-10-18 08:20:00,2016-10-18 08:40:00)",181.72
C,1,"[2016-10-18 08:40:00,2016-10-18 09:00:00)",182.39
C,1,"[2016-10-18 09:00:00,2016-10-18 09:20:00)",181.6
C,1,"[2016-10-18 09:20:00,2016-10-18 09:40:00)",182.27
C,1,"[2016-10-18 09:40:00,2016-10-18 10:00:00)",182.94
C,3,"[2016-10-18 08:00:00,2016-10-18 08:20:00)",174.53
C,3,"[2016-10-18 08:20:00,2016-10-18 08:40:00)",175.19
C,3,"[2016-10-18 08:40:00,2016-10-18 09:00:00)",175.86
C,3,"[2016-10-18 09:00:00,2016-10-18 09:20:00)",175.08
C,3,"[2016-10-18 09:20:00,2016-10-18 09:40:00)",175.74
C,3,"[2016-10-18 09:40:00,2016-10-18 10:00:00)",176.41
A,2,"[2016-10-18 17:00:00,2016-10-18 17:20:00)",66.48
A,2,"[2016-10-18 17:20:00,2016-10-18 17:40:00)",67.14
A,2,"[2016-10-18 17:40:00,2016-10-18 18:00:00)",67.81
A,2,"[2016-10-18 18:00:00,2016-10-18 18:20:00)",67.02
A,2,"[2016-10-18 18:20:00,2016-10-18 18:40:00)",67.69
A,2,"[2016-10-18 18:40:00,2016-10-18 19:00:00)",68.36
A,3,"[2016-10-18 17:00:00,2016-10-18 17:20:00)",118.79
A,3,"[2016-10-18 17:20:00,2016-10-18 17:40:00)",119.46
A,3,"[2016-10-18 17:40:00,2016-10-18 18:00:00)",120.13
A,3,"[2016-10-18 18:00:00,2016-10-18 18:20:00)",119.34
A,3,"[2016-10-18 18:20:00,2016-10-18 18:40:00)",120.01
A,3,"[2016-10-18 18:40:00,2016-10-18 19:00:00)",120.68
B,1,"[2016-10-18 17:00:00,2016-10-18 17:20:00)",119.9
B,1,"[2016-10-18 17:20:00,2016-10-18 17:40:00)",120.57
B,1,"[2016-10-18 17:40:00,2016-10-18 18:00:00)",121.24
B,1,"[2016-10-18 18:00:00,2016-10-18 18:20:00)",120.45
B,1,"[2016-10-18 18:20:00,2016-10-18 18:40:00)",121.12
B,1,"[2016-10-18 18:40:00,2016-10-18 19:00:00)",121.78
B,3,"[2016-10-18 17:00:00,2016-10-18 17:20:00)",113.38
B,3,"[2016-10-18 17:20:00,2016-10-18 17:40:00)",114.04
B,3,"[2016-10-18 17:40:00,2016-10-18 18:00:00)",114.71
B,3,"[2016-10-18 18:00:00,2016-10-18 18:20:00)",113.92
B,3,"[2016-10-18 18:20:00,2016-10-18 18:40:00)",114.59
B,3,"[2016-10-18 18:40:00,2016-10-18 19:00:00)",115.26
C,1,"[2016-10-18 17:00:00,2016-10-18 17:20:00)",186.64
C,1,"[2016-10-18 17:20:00,2016-10-18 17:40:00)",187.3
C,1,"[2016-10-18 17:40:00,2016-10-18 18:00:00)",187.97
C,1,"[2016-10-18 18:00:00,2016-10-18 18:20:00)",187.19
C,1,"[2016-10-18 18:20:00,2016-10-18 18:40:00)",187.85
C,1,"[2016-10-18 18:40:00,2016-10-18 19:00:00)",188.52
C,3,"[2016-10-18 17:00:00,2016-10-18 17:20:00)",180.11
C,3,"[2016-10-18 17:20:00,2016-10-18 17:40:00)",180.78
C,3,"[2016-10-18 17:40:00,2016-10-18 18:00:00)",181.45
C,3,"[2016-10-18 18:00:00,2016-10-18 18:20:00)",180.66
C,3,"[2016-10-18 18:20:00,2016-10-18 18:40:00)",181.33
C,3,"[2016-10-18 18:40:00,2016-10-18 19:00:00)",181.99
A,2,"[2016-10-19 08:00:00,2016-10-19 08:20:00)",61.74
A,2,"[2016-10-19 08:20:00,2016-10-19 08:40:00)",62.41
A,2,"[2016-10-19 08:40:00,2016-10-19 09:00:00)",63.08
A,2,"[2016-10-19 09:00:00,2016-10-19 09:20:00)",62.29
A,2,"[2016-10-19 09:20:00,2016-10-19 09:40:00)",62.96
A,2,"[2016-10-19 09:40:00,2016-10-19 10:00:00)",63.63
A,3,"[2016-10-19 08:00:00,2016-10-19 08:20:00)",114.06
A,3,"[2016-10-19 08:20:00,2016-10-19 08:40:00)",114.73
A,3,"[2016-10-19 08:40:00,2016-10-19 09:00:00)",115.4
A,3,"[2016-10-19 09:00:00,2016-10-19 09:20:00)",114.61
A,3,"[2016-10-19 09:20:00,2016-10-19 09:40:00)",115.28
A,3,"[2016-10-19 09:40:00,2016-10-19 10:00:00)",115.94
B,1,"[2016-10-19 08:00:00,2016-10-19 08:20:00)",115.17
B,1,"[2016-10-19 08:20:00,2016-10-19 08:40:00)",115.84
B,1,"[2016-10-19 08:40:00,2016-10-19 09:00:00)",116.5
B,1,"[2016-10-19 09:00:00,2016-10-19 09:20:00)",115.72
B,1,"[2016-10-19 09:20:00,2016-10-19 09:40:00)",116.39
B,1,"[2016-10-19 09:40:00,2016-10-19 10:00:00)",117.05
B,3,"[2016-10-19 08:00:00,2016-10-19 08:20:00)",108.64
B,3,"[2016-10-19 08:20:00,2016-10-19 08:40:00)",109.31
B,3,"[2016-10-19 08:40:00,2016-10-19 09:00:00)",109.98
B,3,"[2016-10-19 09:00:00,2016-10-19 09:20:00)",109.19
B,3,"[2016-10-19 09:20:00,2016-10-19 09:40:00)",109.86
B,3,"[2016-10-19 09:40:00,2016-10-19 10:00:00)",110.53
C,1,"[2016-10-19 08:00:00,2016-10-19 08:20:00)",181.91
C,1,"[2016-10-19 08:20:00,2016-10-19 08:40:00)",182.57
C,1,"[2016-10-19 08:40:00,2016-10-19 09:00:00)",183.24
C,1,"[2016-10-19 09:00:00,2016-10-19 09:20:00)",182.45
C,1,"[2016-10-19 09:20:00,2016-10-19 09:40:00)",183.12
C,1,"[2016-10-19 09:40:00,2016-10-19 10:00:00)",183.79
C,3,"[2016-10-19 08:00:00,2016-10-19 08:20:00)",175.38
C,3,"[2016-10-19 08:20:00,2016-10-19 08:40:00)",176.05
C,3,"[2016-10-19 08:40:00,2016-10-19 09:00:00)",176.71
C,3,"[2016-10-19 09:00:00,2016-10-19 09:20:00)",175.93
C,3,"[2016-10-19 09:20:00,2016-10-19 09:40:00)",176.6
C,3,"[2016-10-19 09:40:00,2016-10-19 10:00:00)",177.26
A,2,"[2016-10-19 17:00:00,2016-10-19 17:20:00)",65.25
A,2,"[2016-10-19 17:20:00,2016-10-19 17:40:00)",65.92
A,2,"[2016-10-19 17:40:00,2016-10-19 18:00:00)",66.59
A,2,"[2016-10-19 18:00:00,2016-10-19 18:20:00)",65.8
A,2,"[2016-10-19 18:20:00,2016-10-19 18:40:00)",66.47
A,2,"[2016-10-19 18:40:00,2016-10-19 19:00:00)",67.14
A,3,"[2016-10-19 17:00:00,2016-10-19 17:20:00)",117.57
A,3,"[2016-10-19 17:20:00,2016-10-19 17:40:00)",118.24
A,3,"[2016-10-19 17:40:00,2016-10-19 18:00:00)",118.9
A,3,"[2016-10-19 18:00:00,2016-10-19 18:20:00)",118.12
A,3,"[2016-10-19 18:20:00,2016-10-19 18:40:00)",118.79
A,3,"[2016-10-19 18:40:00,2016-10-19 19:00:00)",119.45
B,1,"[2016-10-19 17:00:00,2016-10-19 17:20:00)",118.68
B,1,"[2016-10-19 17:20:00,2016-10-19 17:40:00)",119.35
B,1,"[2016-10-19 17:40:00,2016-10-19 18:00:00)",120.01
B,1,"[2016-10-19 18:00:00,2016-10-19 18:20:00)",119.23
B,1,"[2016-10-19 18:20:00,2016-10-19 18:40:00)",119.89
B,1,"[2016-10-19 18:40:00,2016-10-19 19:00:00)",120.56
B,3,"[2016-10-19 17:00:00,2016-10-19 17:20:00)",112.15
B,3,"[2016-10-19 17:20:00,2016-10-19 17:40:00)",112.82
B,3,"[2016-10-19 17:40:00,2016-10-19 18:00:00)",113.49
B,3,"[2016-10-19 18:00:00,2016-10-19 18:20:00)",112.7
B,3,"[2016-10-19 18:20:00,2016-10-19 18:40:00)",113.37
B,3,"[2016-10-19 18:40:00,2016-10-19 19:00:00)",114.04
C,1,"[2016-10-19 17:00:00,2016-10-19 17:20:00)",185.41
C,1,"[2016-10-19 17:20:00,2016-10-19 17:40:00)",186.08
C,1,"[2016-10-19 17:40:00,2016-10-19 18:00:00)",186.75
C,1,"[2016-10-19 18:00:00,2016-10-19 18:20:00)",185.96
C,1,"[2016-10-19 18:20:00,2016-10-19 18:40:00)",186.63
C,1,"[2016-10-19 18:40:00,2016-10-19 19:00:00)",187.3
C,3,"[2016-10-19 17:00:00,2016-10-19 17:20:00)",178.89
C,3,"[2016-10-19 17:20:00,2016-10-19 17:40:00)",179.56
C,3,"[2016-10-19 17:40:00,2016-10-19 18:00:00)",180.22
C,3,"[2016-10-19 18:00:00,2016-10-19 18:20:00)",179.44
C,3,"[2016-10-19 18:20:00,2016-10-19 18:40:00)",180.1
C,3,"[2016-10-19 18:40:00,2016-10-19 19:00:00)",180.77
A,2,"[2016-10-20 08:00:00,2016-10-20 08:20:00)",63.87
A,2,"[2016-10-20 08:20:00,2016-10-20 08:40:00)",64.54
A,2,"[2016-10-20 08:40:00,2016-10-20 09:00:00)",65.2
A,2,"[2016-10-20 09:00:00,2016-10-20 09:20:00)",64.42
A,2,"[2016-10-20 09:20:00,2016-10-20 09:40:00)",65.09
A,2,"[2016-10-20 09:40:00,2016-10-20 10:00:00)",65.75
A,3,"[2016-10-20 08:00:00,2016-10-20 08:20:00)",116.19
A,3,"[2016-10-20 08:20:00,2016-10-20 08:40:00)",116.85
A,3,"[2016-10-20 08:40:00,2016-10-20 09:00:00)",117.52
A,3,"[2016-10-20 09:00:00,2016-10-20 09:20:00)",116.74
A,3,"[2016-10-20 09:20:00,2016-10-20 09:40:00)",117.4
A,3,"[2016-10-20 09:40:00,2016-10-20 10:00:00)",118.07
B,1,"[2016-10-20 08:00:00,2016-10-20 08:20:00)",117.3
B,1,"[2016-10-20 08:20:00,2016-10-20 08:40:00)",117.96
B,1,"[2016-10-20 08:40:00,2016-10-20 09:00:00)",118.63
B,1,"[2016-10-20 09:00:00,2016-10-20 09:20:00)",117.84
B,1,"[2016-10-20 09:20:00,2016-10-20 09:40:00)",118.51
B,1,"[2016-10-20 09:40:00,2016-10-20 10:00:00)",119.18
B,3,"[2016-10-20 08:00:00,2016-10-20 08:20:00)",110.77
B,3,"[2016-10-20 08:20:00,2016-10-20 08:40:00)",111.44
B,3,"[2016-10-20 08:40:00,2016-10-20 09:00:00)",112.1
B,3,"[2016-10-20 09:00:00,2016-10-20 09:20:00)",111.32
B,3,"[2016-10-20 09:20:00,2016-10-20 09:40:00)",111.99
B,3,"[2016-10-20 09:40:00,2016-10-20 10:00:00)",112.65
C,1,"[2016-10-20 08:00:00,2016-10-20 08:20:00)",184.03
C,1,"[2016-10-20 08:20:00,2016-10-20 08:40:00)",184.7
C,1,"[2016-10-20 08:40:00,2016-10-20 09:00:00)",185.37
C,1,"[2016-10-20 09:00:00,2016-10-20 09:20:00)",184.58
C,1,"[2016-10-20 09:20:00,2016-10-20 09:40:00)",185.25
C,1,"[2016-10-20 09:40:00,2016-10-20 10:00:00)",185.91
C,3,"[2016-10-20 08:00:00,2016-10-20 08:20:00)",177.51
C,3,"[2016-10-20 08:20:00,2016-10-20 08:40:00)",178.17
C,3,"[2016-10-20 08:40:00,2016-10-20 09:00:00)",178.84
C,3,"[2016-10-20 09:00:00,2016-10-20 09:20:00)",178.05
C,3,"[2016-10-20 09:20:00,2016-10-20 09:40:00)",178.72
C,3,"[2016-10-20 09:40:00,2016-10-20 10:00:00)",179.39
A,2,"[2016-10-20 17:00:00,2016-10-20 17:20:00)",67.91
A,2,"[2016-10-20 17:20:00,2016-10-20 17:40:00)",68.58
A,2,"[2016-10-20 17:40:00,2016-10-20 18:00:00)",69.24
A,2,"[2016-10-20 18:00:00,2016-10-20 18:20:00)",68.46
A,2,"[2016-10-20 18:20:00,2016-10-20 18:40:00)",69.12
A,2,"[2016-10-20 18:40:00,2016-10-20 19:00:00)",69.79
A,3,"[2016-10-20 17:00:00,2016-10-20 17:20:00)",120.22
A,3,"[2016-10-20 17:20:00,2016-10-20 17:40:00)",120.89
A,3,"[2016-10-20 17:40:00,2016-10-20 18:00:00)",121.56
A,3,"[2016-10-20 18:00:00,2016-10-20 18:20:00)",120.77
A,3,"[2016-10-20 18:20:00,2016-10-20 18:40:00)",121.44
A,3,"[2016-10-20 18:40:00,2016-10-20 19:00:00)",122.11
B,1,"[2016-10-20 17:00:00,2016-10-20 17:20:00)",121.33
B,1,"[2016-10-20 17:20:00,2016-10-20 17:40:00)",122.0
B,1,"[2016-10-20 17:40:00,2016-10-20 18:00:00)",122.67
B,1,"[2016-10-20 18:00:00,2016-10-20 18:20:00)",121.88
B,1,"[2016-10-20 18:20:00,2016-10-20 18:40:00)",122.55
B,1,"[2016-10-20 18:40:00,2016-10-20 19:00:00)",123.22
B,3,"[2016-10-20 17:00:00,2016-10-20 17:20:00)",114.81
B,3,"[2016-10-20 17:20:00,2016-10-20 17:40:00)",115.47
B,3,"[2016-10-20 17:40:00,2016-10-20 18:00:00)",116.14
B,3,"[2016-10-20 18:00:00,2016-10-20 18:20:00)",115.36
B,3,"[2016-10-20 18:20:00,2016-10-20 18:40:00)",116.02
B,3,"[2016-10-20 18:40:00,2016-10-20 19:00:00)",116.69
C,1,"[2016-10-20 17:00:00,2016-10-20 17:20:00)",188.07
C,1,"[2016-10-20 17:20:00,2016-10-20 17:40:00)",188.74
C,1,"[2016-10-20 17:40:00,2016-10-20 18:00:00)",189.4
C,1,"[2016-10-20 18:00:00,2016-10-20 18:20:00)",188.62
C,1,"[2016-10-20 18:20:00,2016-10-20 18:40:00)",189.28
C,1,"[2016-10-20 18:40:00,2016-10-20 19:00:00)",189.95
C,3,"[2016-10-20 17:00:00,2016-10-20 17:20:00)",181.54
C,3,"[2016-10-20 17:20:00,2016-10-20 17:40:00)",182.21
C,3,"[2016-10-20 17:40:00,2016-10-20 18:00:00)",182.88
C,3,"[2016-10-20 18:00:00,2016-10-20 18:20:00)",182.09
C,3,"[2016-10-20 18:20:00,2016-10-20 18:40:00)",182.76
C,3,"[2016-10-20 18:40:00,2016-10-20 19:00:00)",183.43
A,2,"[2016-10-21 08:00:00,2016-10-21 08:20:00)",63.77
A,2,"[2016-10-21 08:20:00,2016-10-21 08:40:00)",64.44
A,2,"[2016-10-21 08:40:00,2016-10-21 09:00:00)",65.1
A,2,"[2016-10-21 09:00:00,2016-10-21 09:20:00)",64.32
A,2,"[2016-10-21 09:20:00,2016-10-21 09:40:00)",64.98
A,2,"[2016-10-21 09:40:00,2016-10-21 10:00:00)",65.65
A,3,"[2016-10-21 08:00:00,2016-10-21 08:20:00)",116.08
A,3,"[2016-10-21 08:20:00,2016-10-21 08:40:00)",116.75
A,3,"[2016-10-21 08:40:00,2016-10-21 09:00:00)",117.42
A,3,"[2016-10-21 09:00:00,2016-10-21 09:20:00)",116.63
A,3,"[2016-10-21 09:20:00,2016-10-21 09:40:00)",117.3
A,3,"[2016-10-21 09:40:00,2016-10-21 10:00:00)",117.97
B,1,"[2016-10-21 08:00:00,2016-10-21 08:20:00)",117.19
B,1,"[2016-10-21 08:20:00,2016-10-21 08:40:00)",117.86
B,1,"[2016-10-21 08:40:00,2016-10-21 09:00:00)",118.53
B,1,"[2016-10-21 09:00:00,2016-10-21 09:20:00)",117.74
B,1,"[2016-10-21 09:20:00,2016-10-21 09:40:00)",118.41
B,1,"[2016-10-21 09:40:00,2016-10-21 10:00:00)",119.08
B,3,"[2016-10-21 08:00:00,2016-10-21 08:20:00)",110.67
B,3,"[2016-10-21 08:20:00,2016-10-21 08:40:00)",111.33
B,3,"[2016-10-21 08:40:00,2016-10-21 09:00:00)",112.0
B,3,"[2016-10-21 09:00:00,2016-10-21 09:20:00)",111.22
B,3,"[2016-10-21 09:20:00,2016-10-21 09:40:00)",111.88
B,3,"[2016-10-21 09:40:00,2016-10-21 10:00:00)",112.55
C,1,"[2016-10-21 08:00:00,2016-10-21 08:20:00)",183.93
C,1,"[2016-10-21 08:20:00,2016-10-21 08:40:00)",184.6
C,1,"[2016-10-21 08:40:00,2016-10-21 09:00:00)",185.26
C,1,"[2016-10-21 09:00:00,2016-10-21 09:20:00)",184.48
C,1,"[2016-10-21 09:20:00,2016-10-21 09:40:00)",185.15
C,1,"[2016-10-21 09:40:00,2016-10-21 10:00:00)",185.81
C,3,"[2016-10-21 08:00:00,2016-10-21 08:20:00)",177.4
C,3,"[2016-10-21 08:20:00,2016-10-21 08:40:00)",178.07
C,3,"[2016-10-21 08:40:00,2016-10-21 09:00:00)",178.74
C,3,"[2016-10-21 09:00:00,2016-10-21 09:20:00)",177.95
C,3,"[2016-10-21 09:20:00,2016-10-21 09:40:00)",178.62
C,3,"[2016-10-21 09:40:00,2016-10-21 10:00:00)",179.29
A,2,"[2016-10-21 17:00:00,2016-10-21 17:20:00)",68.9
A,2,"[2016-10-21 17:20:00,2016-10-21 17:40:00)",69.57
A,2,"[2016-10-21 17:40:00,2016-10-21 18:00:00)",70.23
A,2,"[2016-10-21 18:00:00,2016-10-21 18:20:00)",69.45
A,2,"[2016-10-21 18:20:00,2016-10-21 18:40:00)",70.12
A,2,"[2016-10-21 18:40:00,2016-10-21 19:00:00)",70.78
A,3,"[2016-10-21 17:00:00,2016-10-21 17:20:00)",121.22
A,3,"[2016-10-21 17:20:00,2016-10-21 17:40:00)",121.88
A,3,"[2016-10-21 17:40:00,2016-10-21 18:00:00)",122.55
A,3,"[2016-10-21 18:00:00,2016-10-21 18:20:00)",121.76
A,3,"[2016-10-21 18:20:00,2016-10-21 18:40:00)",122.43
A,3,"[2016-10-21 18:40:00,2016-10-21 19:00:00)",123.1
B,1,"[2016-10-21 17:00:00,2016-10-21 17:20:00)",122.32
B,1,"[2016-10-21 17:20:00,2016-10-21 17:40:00)",122.99
B,1,"[2016-10-21 17:40:00,2016-10-21 18:00:00)",123.66
B,1,"[2016-10-21 18:00:00,2016-10-21 18:20:00)",122.87
B,1,"[2016-10-21 18:20:00,2016-10-21 18:40:00)",123.54
B,1,"[2016-10-21 18:40:00,2016-10-21 19:00:00)",124.21
B,3,"[2016-10-21 17:00:00,2016-10-21 17:20:00)",115.8
B,3,"[2016-10-21 17:20:00,2016-10-21 17:40:00)",116.47
B,3,"[2016-10-21 17:40:00,2016-10-21 18:00:00)",117.13
B,3,"[2016-10-21 18:00:00,2016-10-21 18:20:00)",116.35
B,3,"[2016-10-21 18:20:00,2016-10-21 18:40:00)",117.02
B,3,"[2016-10-21 18:40:00,2016-10-21 19:00:00)",117.68
C,1,"[2016-10-21 17:00:00,2016-10-21 17:20:00)",189.06
C,1,"[2016-10-21 17:20:00,2016-10-21 17:40:00)",189.73
C,1,"[2016-10-21 17:40:00,2016-10-21 18:00:00)",190.39
C,1,"[2016-10-21 18:00:00,2016-10-21 18:20:00)",189.61
C,1,"[2016-10-21 18:20:00,2016-10-21 18:40:00)",190.28
C,1,"[2016-10-21 18:40:00,2016-10-21 19:00:00)",190.94
C,3,"[2016-10-21 17:00:00,2016-10-21 17:20:00)",182.53
C,3,"[2016-10-21 17:20:00,2016-10-21 17:40:00)",183.2
C,3,"[2016-10-21 17:40:00,2016-10-21 18:00:00)",183.87
C,3,"[2016-10-21 18:00:00,2016-10-21 18:20:00)",183.08
C,3,"[2016-10-21 18:20:00,2016-10-21 18:40:00)",183.75
C,3,"[2016-10-21 18:40:00,2016-10-21 19:00:00)",184.42
A,2,"[2016-10-22 08:00:00,2016-10-22 08:20:00)",65.06
A,2,"[2016-10-22 08:20:00,2016-10-22 08:40:00)",65.73
A,2,"[2016-10-22 08:40:00,2016-10-22 09:00:00)",66.39
A,2,"[2016-10-22 09:00:00,2016-10-22 09:20:00)",65.61
A,2,"[2016-10-22 09:20:00,2016-10-22 09:40:00)",66.28
A,2,"[2016-10-22 09:40:00,2016-10-22 10:00:00)",66.94
A,3,"[2016-10-22 08:00:00,2016-10-22 08:20:00)",117.38
A,3,"[2016-10-22 08:20:00,2016-10-22 08:40:00)",118.04
A,3,"[2016-10-22 08:40:00,2016-10-22 09:00:00)",118.71
A,3,"[2016-10-22 09:00:00,2016-10-22 09:20:00)",117.93
A,3,"[2016-10-22 09:20:00,2016-10-22 09:40:00)",118.59
A,3,"[2016-10-22 09:40:00,2016-10-22 10:00:00)",119.26
B,1,"[2016-10-22 08:00:00,2016-10-22 08:20:00)",118.49
B,1,"[2016-10-22 08:20:00,2016-10-22 08:40:00)",119.15
B,1,"[2016-10-22 08:40:00,2016-10-22 09:00:00)",119.82
B,1,"[2016-10-22 09:00:00,2016-10-22 09:20:00)",119.03
B,1,"[2016-10-22 09:20:00,2016-10-22 09:40:00)",119.7
B,1,"[2016-10-22 09:40:00,2016-10-22 10:00:00)",120.37
B,3,"[2016-10-22 08:00:00,2016-10-22 08:20:00)",111.96
B,3,"[2016-10-22 08:20:00,2016-10-22 08:40:00)",112.63
B,3,"[2016-10-22 08:40:00,2016-10-22 09:00:00)",113.29
B,3,"[2016-10-22 09:00:00,2016-10-22 09:20:00)",112.51
B,3,"[2016-10-22 09:20:00,2016-10-22 09:40:00)",113.18
B,3,"[2016-10-22 09:40:00,2016-10-22 10:00:00)",113.84
C,1,"[2016-10-22 08:00:00,2016-10-22 08:20:00)",185.22
C,1,"[2016-10-22 08:20:00,2016-10-22 08:40:00)",185.89
C,1,"[2016-10-22 08:40:00,2016-10-22 09:00:00)",186.56
C,1,"[2016-10-22 09:00:00,2016-10-22 09:20:00)",185.77
C,1,"[2016-10-22 09:20:00,2016-10-22 09:40:00)",186.44
C,1,"[2016-10-22 09:40:00,2016-10-22 10:00:00)",187.1
C,3,"[2016-10-22 08:00:00,2016-10-22 08:20:00)",178.7
C,3,"[2016-10-22 08:20:00,2016-10-22 08:40:00)",179.36
C,3,"[2016-10-22 08:40:00,2016-10-22 09:00:00)",180.03
C,3,"[2016-10-22 09:00:00,2016-10-22 09:20:00)",179.24
C,3,"[2016-10-22 09:20:00,2016-10-22 09:40:00)",179.91
C,3,"[2016-10-22 09:40:00,2016-10-22 10:00:00)",180.58
A,2,"[2016-10-22 17:00:00,2016-10-22 17:20:00)",72.38
A,2,"[2016-10-22 17:20:00,2016-10-22 17:40:00)",73.04
A,2,"[2016-10-22 17:40:00,2016-10-22 18:00:00)",73.71
A,2,"[2016-10-22 18:00:00,2016-10-22 18:20:00)",72.93
A,2,"[2016-10-22 18:20:00,2016-10-22 18:40:00)",73.59
A,2,"[2016-10-22 18:40:00,2016-10-22 19:00:00)",74.26
A,3,"[2016-10-22 17:00:00,2016-10-22 17:20:00)",124.69
A,3,"[2016-10-22 17:20:00,2016-10-22 17:40:00)",125.36
A,3,"[2016-10-22 17:40:00,2016-10-22 18:00:00)",126.03
A,3,"[2016-10-22 18:00:00,2016-10-22 18:20:00)",125.24
A,3,"[2016-10-22 18:20:00,2016-10-22 18:40:00)",125.91
A,3,"[2016-10-22 18:40:00,2016-10-22 19:00:00)",126.58
B,1,"[2016-10-22 17:00:00,2016-10-22 17:20:00)",125.8
B,1,"[2016-10-22 17:20:00,2016-10-22 17:40:00)",126.47
B,1,"[2016-10-22 17:40:00,2016-10-22 18:00:00)",127.14
B,1,"[2016-10-22 18:00:00,2016-10-22 18:20:00)",126.35
B,1,"[2016-10-22 18:20:00,2016-10-22 18:40:00)",127.02
B,1,"[2016-10-22 18:40:00,2016-10-22 19:00:00)",127.69
B,3,"[2016-10-22 17:00:00,2016-10-22 17:20:00)",119.28
B,3,"[2016-10-22 17:20:00,2016-10-22 17:40:00)",119.94
B,3,"[2016-10-22 17:40:00,2016-10-22 18:00:00)",120.61
B,3,"[2016-10-22 18:00:00,2016-10-22 18:20:00)",119.83
B,3,"[2016-10-22 18:20:00,2016-10-22 18:40:00)",120.49
B,3,"[2016-10-22 18:40:00,2016-10-22 19:00:00)",121.16
C,1,"[2016-10-22 17:00:00,2016-10-22 17:20:00)",192.54
C,1,"[2016-10-22 17:20:00,2016-10-22 17:40:00)",193.2
C,1,"[2016-10-22 17:40:00,2016-10-22 18:00:00)",193.87
C,1,"[2016-10-22 18:00:00,2016-10-22 18:20:00)",193.09
C,1,"[2016-10-22 18:20:00,2016-10-22 18:40:00)",193.75
C,1,"[2016-10-22 18:40:00,2016-10-22 19:00:00)",194.42
C,3,"[2016-10-22 17:00:00,2016-10-22 17:20:00)",186.01
C,3,"[2016-10-22 17:20:00,2016-10-22 17:40:00)",186.68
C,3,"[2016-10-22 17:40:00,2016-10-22 18:00:00)",187.35
C,3,"[2016-10-22 18:00:00,2016-10-22 18:20:00)",186.56
C,3,"[2016-10-22 18:20:00,2016-10-22 18:40:00)",187.23
C,3,"[2016-10-22 18:40:00,2016-10-22 19:00:00)",187.9
A,2,"[2016-10-23 08:00:00,2016-10-23 08:20:00)",56.98
A,2,"[2016-10-23 08:20:00,2016-10-23 08:40:00)",57.65
A,2,"[2016-10-23 08:40:00,2016-10-23 09:00:00)",58.31
A,2,"[2016-10-23 09:00:00,2016-10-23 09:20:00)",57.53
A,2,"[2016-10-23 09:20:00,2016-10-23 09:40:00)",58.2
A,2,"[2016-10-23 09:40:00,2016-10-23 10:00:00)",58.86
A,3,"[2016-10-23 08:00:00,2016-10-23 08:20:00)",109.3
A,3,"[2016-10-23 08:20:00,2016-10-23 08:40:00)",109.96
A,3,"[2016-10-23 08:40:00,2016-10-23 09:00:00)",110.63
A,3,"[2016-10-23 09:00:00,2016-10-23 09:20:00)",109.85
A,3,"[2016-10-23 09:20:00,2016-10-23 09:40:00)",110.51
A,3,"[2016-10-23 09:40:00,2016-10-23 10:00:00)",111.18
B,1,"[2016-10-23 08:00:00,2016-10-23 08:20:00)",110.41
B,1,"[2016-10-23 08:20:00,2016-10-23 08:40:00)",111.07
B,1,"[2016-10-23 08:40:00,2016-10-23 09:00:00)",111.74
B,1,"[2016-10-23 09:00:00,2016-10-23 09:20:00)",110.95
B,1,"[2016-10-23 09:20:00,2016-10-23 09:40:00)",111.62
B,1,"[2016-10-23 09:40:00,2016-10-23 10:00:00)",112.29
B,3,"[2016-10-23 08:00:00,2016-10-23 08:20:00)",103.88
B,3,"[2016-10-23 08:20:00,2016-10-23 08:40:00)",104.55
B,3,"[2016-10-23 08:40:00,2016-10-23 09:00:00)",105.21
B,3,"[2016-10-23 09:00:00,2016-10-23 09:20:00)",104.43
B,3,"[2016-10-23 09:20:00,2016-10-23 09:40:00)",105.1
B,3,"[2016-10-23 09:40:00,2016-10-23 10:00:00)",105.76
C,1,"[2016-10-23 08:00:00,2016-10-23 08:20:00)",177.14
C,1,"[2016-10-23 08:20:00,2016-10-23 08:40:00)",177.81
C,1,"[2016-10-23 08:40:00,2016-10-23 09:00:00)",178.48
C,1,"[2016-10-23 09:00:00,2016-10-23 09:20:00)",177.69
C,1,"[2016-10-23 09:20:00,2016-10-23 09:40:00)",178.36
C,1,"[2016-10-23 09:40:00,2016-10-23 10:00:00)",179.02
C,3,"[2016-10-23 08:00:00,2016-10-23 08:20:00)",170.62
C,3,"[2016-10-23 08:20:00,2016-10-23 08:40:00)",171.28
C,3,"[2016-10-23 08:40:00,2016-10-23 09:00:00)",171.95
C,3,"[2016-10-23 09:00:00,2016-10-23 09:20:00)",171.16
C,3,"[2016-10-23 09:20:00,2016-10-23 09:40:00)",171.83
C,3,"[2016-10-23 09:40:00,2016-10-23 10:00:00)",172.5
A,2,"[2016-10-23 17:00:00,2016-10-23 17:20:00)",61.8
A,2,"[2016-10-23 17:20:00,2016-10-23 17:40:00)",62.46
A,2,"[2016-10-23 17:40:00,2016-10-23 18:00:00)",63.13
A,2,"[2016-10-23 18:00:00,2016-10-23 18:20:00)",62.35
A,2,"[2016-10-23 18:20:00,2016-10-23 18:40:00)",63.01
A,2,"[2016-10-23 18:40:00,2016-10-23 19:00:00)",63.68
A,3,"[2016-10-23 17:00:00,2016-10-23 17:20:00)",114.11
A,3,"[2016-10-23 17:20:00,2016-10-23 17:40:00)",114.78
A,3,"[2016-10-23 17:40:00,2016-10-23 18:00:00)",115.45
A,3,"[2016-10-23 18:00:00,2016-10-23 18:20:00)",114.66
A,3,"[2016-10-23 18:20:00,2016-10-23 18:40:00)",115.33
A,3,"[2016-10-23 18:40:00,2016-10-23 19:00:00)",116.0
B,1,"[2016-10-23 17:00:00,2016-10-23 17:20:00)",115.22
B,1,"[2016-10-23 17:20:00,2016-10-23 17:40:00)",115.89
B,1,"[2016-10-23 17:40:00,2016-10-23 18:00:00)",116.56
B,1,"[2016-10-23 18:00:00,2016-10-23 18:20:00)",115.77
B,1,"[2016-10-23 18:20:00,2016-10-23 18:40:00)",116.44
B,1,"[2016-10-23 18:40:00,2016-10-23 19:00:00)",117.11
B,3,"[2016-10-23 17:00:00,2016-10-23 17:20:00)",108.7
B,3,"[2016-10-23 17:20:00,2016-10-23 17:40:00)",109.36
B,3,"[2016-10-23 17:40:00,2016-10-23 18:00:00)",110.03
B,3,"[2016-10-23 18:00:00,2016-10-23 18:20:00)",109.25
B,3,"[2016-10-23 18:20:00,2016-10-23 18:40:00)",109.91
B,3,"[2016-10-23 18:40:00,2016-10-23 19:00:00)",110.58
C,1,"[2016-10-23 17:00:00,2016-10-23 17:20:00)",181.96
C,1,"[2016-10-23 17:20:00,2016-10-23 17:40:00)",182.62
C,1,"[2016-10-23 17:40:00,2016-10-23 18:00:00)",183.29
C,1,"[2016-10-23 18:00:00,2016-10-23 18:20:00)",182.51
C,1,"[2016-10-23 18:20:00,2016-10-23 18:40:00)",183.17
C,1,"[2016-10-23 18:40:00,2016-10-23 19:00:00)",183.84
C,3,"[2016-10-23 17:00:00,2016-10-23 17:20:00)",175.43
C,3,"[2016-10-23 17:20:00,2016-10-23 17:40:00)",176.1
C,3,"[2016-10-23 17:40:00,2016-10-23 18:00:00)",176.77
C,3,"[2016-10-23 18:00:00,2016-10-23 18:20:00)",175.98
C,3,"[2016-10-23 18:20:00,2016-10-23 18:40:00)",176.65
C,3,"[2016-10-23 18:40:00,2016-10-23 19:00:00)",177.32
A,2,"[2016-10-24 08:00:00,2016-10-24 08:20:00)",59.75
A,2,"[2016-10-24 08:20:00,2016-10-24 08:40:00)",60.42
A,2,"[2016-10-24 08:40:00,2016-10-24 09:00:00)",61.09
A,2,"[2016-10-24 09:00:00,2016-10-24 09:20:00)",60.3
A,2,"[2016-10-24 09:20:00,2016-10-24 09:40:00)",60.97
A,2,"[2016-10-24 09:40:00,2016-10-24 10:00:00)",61.64
A,3,"[2016-10-24 08:00:00,2016-10-24 08:20:00)",112.07
A,3,"[2016-10-24 08:20:00,2016-10-24 08:40:00)",112.74
A,3,"[2016-10-24 08:40:00,2016-10-24 09:00:00)",113.41
A,3,"[2016-10-24 09:00:00,2016-10-24 09:20:00)",112.62
A,3,"[2016-10-24 09:20:00,2016-10-24 09:40:00)",113.29
A,3,"[2016-10-24 09:40:00,2016-10-24 10:00:00)",113.95
B,1,"[2016-10-24 08:00:00,2016-10-24 08:20:00)",113.18
B,1,"[2016-10-24 08:20:00,2016-10-24 08:40:00)",113.85
B,1,"[2016-10-24 08:40:00,2016-10-24 09:00:00)",114.51
B,1,"[2016-10-24 09:00:00,2016-10-24 09:20:00)",113.73
B,1,"[2016-10-24 09:20:00,2016-10-24 09:40:00)",114.4
B,1,"[2016-10-24 09:40:00,2016-10-24 10:00:00)",115.06
B,3,"[2016-10-24 08:00:00,2016-10-24 08:20:00)",106.65
B,3,"[2016-10-24 08:20:00,2016-10-24 08:40:00)",107.32
B,3,"[2016-10-24 08:40:00,2016-10-24 09:00:00)",107.99
B,3,"[2016-10-24 09:00:00,2016-10-24 09:20:00)",107.2
B,3,"[2016-10-24 09:20:00,2016-10-24 09:40:00)",107.87
B,3,"[2016-10-24 09:40:00,2016-10-24 10:00:00)",108.54
C,1,"[2016-10-24 08:00:00,2016-10-24 08:20:00)",179.91
C,1,"[2016-10-24 08:20:00,2016-10-24 08:40:00)",180.58
C,1,"[2016-10-24 08:40:00,2016-10-24 09:00:00)",181.25
C,1,"[2016-10-24 09:00:00,2016-10-24 09:20:00)",180.46
C,1,"[2016-10-24 09:20:00,2016-10-24 09:40:00)",181.13
C,1,"[2016-10-24 09:40:00,2016-10-24 10:00:00)",181.8
C,3,"[2016-10-24 08:00:00,2016-10-24 08:20:00)",173.39
C,3,"[2016-10-24 08:20:00,2016-10-24 08:40:00)",174.06
C,3,"[2016-10-24 08:40:00,2016-10-24 09:00:00)",174.72
C,3,"[2016-10-24 09:00:00,2016-10-24 09:20:00)",173.94
C,3,"[2016-10-24 09:20:00,2016-10-24 09:40:00)",174.61
C,3,"[2016-10-24 09:40:00,2016-10-24 10:00:00)",175.27
A,2,"[2016-10-24 17:00:00,2016-10-24 17:20:00)",65.4
A,2,"[2016-10-24 17:20:00,2016-10-24 17:40:00)",66.07
A,2,"[2016-10-24 17:40:00,2016-10-24 18:00:00)",66.74
A,2,"[2016-10-24 18:00:00,2016-10-24 18:20:00)",65.95
A,2,"[2016-10-24 18:20:00,2016-10-24 18:40:00)",66.62
A,2,"[2016-10-24 18:40:00,2016-10-24 19:00:00)",67.29
A,3,"[2016-10-24 17:00:00,2016-10-24 17:20:00)",117.72
A,3,"[2016-10-24 17:20:00,2016-10-24 17:40:00)",118.39
A,3,"[2016-10-24 17:40:00,2016-10-24 18:00:00)",119.05
A,3,"[2016-10-24 18:00:00,2016-10-24 18:20:00)",118.27
A,3,"[2016-10-24 18:20:00,2016-10-24 18:40:00)",118.94
A,3,"[2016-10-24 18:40:00,2016-10-24 19:00:00)",119.6
B,1,"[2016-10-24 17:00:00,2016-10-24 17:20:00)",118.83
B,1,"[2016-10-24 17:20:00,2016-10-24 17:40:00)",119.5
B,1,"[2016-10-24 17:40:00,2016-10-24 18:00:00)",120.16
B,1,"[2016-10-24 18:00:00,2016-10-24 18:20:00)",119.38
B,1,"[2016-10-24 18:20:00,2016-10-24 18:40:00)",120.05
B,1,"[2016-10-24 18:40:00,2016-10-24 19:00:00)",120.71
B,3,"[2016-10-24 17:00:00,2016-10-24 17:20:00)",112.3
B,3,"[2016-10-24 17:20:00,2016-10-24 17:40:00)",112.97
B,3,"[2016-10-24 17:40:00,2016-10-24 18:00:00)",113.64
B,3,"[2016-10-24 18:00:00,2016-10-24 18:20:00)",112.85
B,3,"[2016-10-24 18:20:00,2016-10-24 18:40:00)",113.52
B,3,"[2016-10-24 18:40:00,2016-10-24 19:00:00)",114.19
C,1,"[2016-10-24 17:00:00,2016-10-24 17:20:00)",185.56
C,1,"[2016-10-24 17:20:00,2016-10-24 17:40:00)",186.23
C,1,"[2016-10-24 17:40:00,2016-10-24 18:00:00)",186.9
C,1,"[2016-10-24 18:00:00,2016-10-24 18:20:00)",186.11
C,1,"[2016-10-24 18:20:00,2016-10-24 18:40:00)",186.78
C,1,"[2016-10-24 18:40:00,2016-10-24 19:00:00)",187.45
C,3,"[2016-10-24 17:00:00,2016-10-24 17:20:00)",179.04
C,3,"[2016-10-24 17:20:00,2016-10-24 17:40:00)",179.71
C,3,"[2016-10-24 17:40:00,2016-10-24 18:00:00)",180.37
C,3,"[2016-10-24 18:00:00,2016-10-24 18:20:00)",179.59
C,3,"[2016-10-24 18:20:00,2016-10-24 18:40:00)",180.26
C,3,"[2016-10-24 18:40:00,2016-10-24 19:00:00)",180.92
